{"cameraMode":{"drawMode":0,"name":"Shaded","section":"Shading Mode"},"sceneLighting":true,"audioPlay":false,"sceneViewState":{"m_AlwaysRefresh":false,"showFog":true,"showSkybox":true,"showFlares":true,"showImageEffects":true,"showParticleSystems":true,"showVisualEffectGraphs":true,"m_FxEnabled":true},"in2DMode":false,"pivot":{"x":59.804542541503909,"y":0.5425586700439453,"z":40.021629333496097},"rotation":{"x":-0.2086815983057022,"y":-0.027285143733024598,"z":0.005824333988130093,"w":-0.9775856137275696},"size":1.445911169052124,"orthographic":false}