{"cameraMode":{"drawMode":0,"name":"Shaded","section":"Shading Mode"},"sceneLighting":true,"audioPlay":false,"sceneViewState":{"m_AlwaysRefresh":false,"showFog":true,"showSkybox":true,"showFlares":true,"showImageEffects":true,"showParticleSystems":true,"showVisualEffectGraphs":true,"m_FxEnabled":true},"in2DMode":false,"pivot":{"x":2.8961548805236818,"y":-1.7200450897216797,"z":-1.511187195777893},"rotation":{"x":0.3467404544353485,"y":-0.061841946095228198,"z":0.022918228060007097,"w":0.9356439113616943},"size":9.252307891845704,"orthographic":false}