{"cameraMode":{"drawMode":0,"name":"Shaded","section":"Shading Mode"},"sceneLighting":true,"audioPlay":false,"sceneViewState":{"m_AlwaysRefresh":false,"showFog":true,"showSkybox":true,"showFlares":true,"showImageEffects":true,"showParticleSystems":true,"showVisualEffectGraphs":true,"m_FxEnabled":true},"in2DMode":false,"pivot":{"x":593.7269287109375,"y":19.647315979003908,"z":548.5713500976563},"rotation":{"x":0.16063961386680604,"y":0.08870179206132889,"z":-0.014496712945401669,"w":0.9829130172729492},"size":15.742039680480957,"orthographic":true}